REG_ID,Region,Country,totpop05,totpop20,pop65plus05,pop65plus20,workagepop05,workagepop20,areasqkm,popsqkm05,popsqkm20,pctba20,pm2pt5_05,pm2pt5_19,co2tot08,co2cap08,broadband19,inc05,inc19,unemp05,unemp20,covidvax2021q2
US39,Ohio,US,11463300,11790600,1527300,2097640,7623540,7472740,106056,108.09,111.17,NA,12.64,8.7,199757,17.3,0.854,34335,42164,0.06,0.085,0.642
US42,Pennsylvania,US,12450000,12989600,1887080,2447690,8242130,8175650,116075,107.26,111.91,NA,13.2,8.56,252782,20,0.856,38409,48361,0.049,0.089,0.681
IL05,Tel Aviv District,IL,1183300,1452400,175700,NA,759100,NA,172,6879.65,8444.19,NA,25.32,20.98,3751.66,3,NA,13021,NA,0.073,NA,NA
ITF6,Calabria,IT,1989500,1894110,358068,419874,1321450,1226510,15179,131.07,124.78,0.16,14.27,11.22,8842.47,4.5,0.77,16228,15236,0.145,0.207,0.6359
KR04,Jeolla Region,KR,5113250,5044160,666751,980374,3440470,3446440,20539,248.95,245.59,0.51786,23.38,27.58,60238.2,11.9,NA,13642,19438,0.032,0.029,0.6635
KR07,Jeju,KR,541833,670207,54792,101153,367675,472575,1846,293.52,363.06,0.57684,19.66,22.67,1351.04,2.5,NA,13533,18724,0.027,0.025,0.6326
CH04,Zurich,CH,1261810,1539280,197307,262396,873595,1041590,1654,762.88,930.64,0.538658,13.62,10.38,10206.8,7.7,0.96,NA,NA,0.042,0.045,0.6169
BR24,Distrito Federal (BR),BR,2333110,3055150,96132,NA,1643170,NA,5802,402.12,526.57,NA,NA,NA,3388.01,1.3,NA,NA,NA,NA,NA,0.6694
CO13,Bolívar,CO,1799790,2180980,108405,177369,1109920,1415190,25978,69.28,83.95,0.249636,21.53,19.8,NA,NA,NA,NA,NA,0.107,NA,NA
CO97,Vaupés,CO,25461,44712,1022,1795,11943,23166,54135,0.47,0.83,NA,23.39,22.83,NA,NA,NA,NA,NA,NA,NA,NA
BG31,North West,BG,954395,728157,206829,192670,619531,436807,18843,50.65,38.64,0.207,26.09,21.14,NA,NA,0.71,5066,9014,0.126,0.134,NA
NZ19,Wellington,NZ,461600,543000,51510,78700,314820,368200,7984,57.82,68.01,0.475,5.33,5.22,3042.62,6.4,NA,17456,NA,0.043,0.04,NA
NZ23,Canterbury,NZ,531900,644100,72560,105000,355490,425600,45039,11.81,14.3,0.351,8.05,7.75,1654.09,3,NA,17328,NA,0.034,0.039,NA
AT22,Styria,AT,1196780,1246400,205809,255529,808491,823768,16252,73.64,76.69,0.311,18.11,13.27,11180.4,9.3,0.84,25438,26237,0.044,0.045,0.6253
AT33,Tyrol,AT,688954,757634,97755,137957,471832,509444,12511,55.07,60.56,0.319,12.59,9.41,3236.44,4.6,0.93,25801,26103,0.039,0.031,0.6148
TRA1,Northeastern Anatolia - West,TR,1078970,1081650,NA,104270,NA,719785,40671,26.53,26.6,0.208,24.3,24.17,2382.73,2.2,NA,NA,NA,NA,0.105,NA
CA13,New Brunswick,CA,748057,783204,105236,171705,520765,499332,71389,10.48,10.97,NA,6.86,5.16,12900.2,17.3,NA,16036,NA,0.097,0.1,0.7803
HU31,Northern Hungary,HU,1271110,1118580,202037,224212,854892,725305,13294,95.62,84.14,0.168,21.42,17.49,15026.3,12.2,0.81,9263,12062,0.105,0.051,NA
HU32,Northern Great Plain,HU,1541820,1442660,221723,266734,1045980,956035,17412,88.55,82.85,0.192,18.99,15.37,3583.98,2.4,0.82,8837,12597,0.09,0.075,NA
NO07,Northern Norway,NO,462640,484547,69106,95321,301448,310891,106687,4.34,4.54,0.404,6.71,5.47,2717.82,5.9,0.97,NA,23866,0.048,0.033,0.7166
US17,Illinois,US,12609900,12785200,1517450,2089230,8454070,8212500,143961,87.59,88.81,NA,12.09,8.79,247990,19.5,0.86,39822,48574,0.057,0.09,0.547
US19,Iowa,US,2964450,3188670,436927,566136,1938670,1995840,144701,20.49,22.04,NA,10.28,7.75,64867.8,21.5,0.839,35104,43770,0.045,0.055,0.474
US32,Nevada,US,2432140,3114070,271851,519316,1648780,2038370,284448,8.55,10.95,NA,8.63,7.03,46698,17.6,0.856,40123,43337,0.042,0.132,0.57
US44,Rhode Island,US,1067920,1096230,148441,192477,722132,699082,2706,394.65,405.11,NA,8.92,6.03,11823.9,11.2,0.877,39424,47011,0.051,0.094,0.676
US46,South Dakota,US,775493,887099,109647,157177,506231,552404,196540,3.95,4.51,NA,7.29,6.16,14477.3,18.1,0.85,37036,46613,0.046,0.044,0.098
US47,Tennessee,US,5991060,6920120,751389,1180540,4041470,4451300,106752,56.12,64.82,NA,11.6,7.47,97904.4,15.7,0.83,34313,42037,0.057,0.078,0.52
US49,Utah,US,2457720,3281680,213796,381593,1599580,2098680,212751,11.55,15.42,NA,8.64,7.93,61823,23.2,0.908,30580,40878,0.041,0.048,0.419
IL06,Southern District,IL,993700,1330600,93900,NA,596300,NA,14185,70.05,93.8,NA,23.66,19.29,17092.3,16.5,NA,7976,NA,0.11,NA,NA
ITI2,Umbria,IT,848070,870165,198006,225810,545043,537784,8306,102.1,104.76,0.231,16.93,12.75,4927.8,5.7,0.86,24390,21386,0.059,0.085,0.7208
ITI3,Marche,IT,1491210,1512670,334401,381026,962399,944082,9385,158.89,161.18,0.212,17.07,12.74,5365.18,3.5,0.86,22891,21591,0.049,0.076,0.6816
PL62,Warmian-Masuria,PL,1428710,1399040,163085,235000,1004340,947907,22953,62.25,60.95,0.236,18.56,16.11,7226.27,5.1,0.793,9420,15251,0.204,0.032,NA
CZ07,Central Moravia,CZ,1228320,1214570,174039,252274,869414,775079,9121,134.67,133.16,0.223,23.99,19.62,7195.83,5.9,0.84,12214,15929,0.097,0.026,0.5131
JPJ,"Kyushu, Okinawa",JP,14715000,14245000,3196820,4230000,9332230,8114000,43712,336.64,325.88,NA,13.79,15.57,94322.7,6.5,0.578636,18187,NA,0.056,0.031,NA
LU00,Luxembourg,LU,461230,626108,64955,90787,310444,435244,2586,178.36,242.11,0.471,12.56,10.09,10817.8,22.1,0.95,30088,33603,0.045,0.068,NA
CH02,Espace Mittelland,CH,1690140,1886580,282238,374763,1134530,1231060,9752,173.31,193.46,0.401008,11.99,8.99,11474.5,6.7,0.93,NA,NA,0.04,0.044,0.5881
TR51,Ankara,TR,4206850,5639080,NA,486783,NA,3972800,24797,169.65,227.41,0.324,23.88,22.56,10290.3,2.3,NA,NA,NA,NA,0.149,NA
BR06,Roraima,BR,391317,631181,11579,NA,240085,NA,224118,1.75,2.82,NA,NA,NA,2694.61,6.2,NA,NA,NA,NA,NA,0.1682
BR22,Rio Grande do Sul,BR,10845100,11423000,863892,NA,7272040,NA,281734,38.49,40.55,NA,NA,NA,32585.8,3,NA,NA,NA,NA,NA,0.6841
CO17,Caldas,CO,996434,1018450,73171,132039,667089,688667,7888,126.32,129.11,0.237908,27.04,23.78,NA,NA,NA,NA,NA,0.145,NA,NA
CO73,Tolima,CO,1304220,1340000,103735,162561,823578,883075,23562,55.35,56.87,0.197755,26.88,24.52,NA,NA,NA,NA,NA,0.148,NA,NA
CR02,Chorotega,CR,303730,393893,19194,34237,195219,264358,10140,29.95,38.85,0.177353,NA,NA,NA,NA,NA,NA,NA,NA,NA,NA
PE17,Madre de dios,PE,105205,173811,2276,NA,69293,NA,85301,1.23,2.04,NA,NA,NA,NA,NA,NA,NA,NA,NA,NA,NA
PE21,Puno,PE,1293840,1238000,77152,NA,756240,NA,71999,17.97,17.19,NA,NA,NA,NA,NA,NA,NA,NA,NA,NA,NA
PE24,Tumbes,PE,203452,251521,7319,NA,138715,NA,4669,43.58,53.87,NA,NA,NA,NA,NA,NA,NA,NA,NA,NA,NA
EL41,North Aegean,EL,199177,229516,45128,47245,123781,143588,3801,52.4,60.38,0.293,10.11,7.73,407.93,2,NA,16327,13363,0.104,0.169,NA
EL61,Thessaly,EL,741599,715115,153179,177901,475753,439478,13938,53.21,51.31,0.303,17.36,12.47,3850.34,5.2,NA,16189,13648,0.097,0.174,NA
NZ18,Manawatu-Wanganui,NZ,228900,254500,31730,46800,147470,158000,22167,10.33,11.48,0.291,5.76,5.58,888.857,3.9,NA,13180,NA,0.042,0.048,NA
IE05,Southern,IE,1417400,1641060,167400,257354,955500,1052830,29389,48.23,55.84,NA,10.53,8.01,NA,NA,0.9,16616,19471,NA,NA,NA
AT11,Burgenland,AT,278032,294436,52575,65485,185182,190282,3780,73.55,77.89,0.331,17.34,12.66,1539.4,5.5,0.87,25955,27189,0.053,0.043,0.6963
AT31,Upper Austria,AT,1394730,1490280,217050,277872,936856,986904,11717,119.03,127.19,0.311,16.14,11.96,17698.5,12.6,0.88,26330,26800,0.043,0.039,0.5764
CA10,Newfoundland and Labrador,CA,514332,521364,67928,116181,366005,335313,370514,1.39,1.41,NA,5.97,4.47,8015.61,15.7,NA,15317,NA,0.152,0.139,0.7948
DE9,Lower Saxony,DE,8000910,7993610,1507480,1769060,5229430,5127340,47363,168.93,168.77,0.27,13.95,11.24,65647.5,8.2,0.95,22058,25216,0.106,0.04,0.6895
PL41,Greater Poland,PL,3365280,3479530,397679,587117,2377340,2315940,29490,114.12,117.99,0.293,25.42,21.69,17852.5,5.3,0.867,11115,17610,0.173,0.019,NA
US11,District of Columbia,US,567136,690093,66511,89833,411114,508913,159,3566.89,4340.21,NA,14,8.33,7382.88,12.7,0.873,54104,67034,0.063,0.081,0.505
US31,Nebraska,US,1761500,1961460,234408,319437,1157800,1222690,199099,8.85,9.85,NA,9,7.21,40117.6,22.3,0.87,37100,46082,0.041,0.042,0.054
US48,Texas,US,22778100,29217700,2256750,3873680,15284900,19311800,678051,33.59,43.09,NA,11.55,8.62,501892,20.6,0.863,35325,44818,0.055,0.076,0.516
US50,Vermont,US,621215,642495,81761,128594,428501,402430,23956,25.93,26.82,NA,6.85,4.87,4416.29,7.1,0.834,37401,46529,0.035,0.057,0.19
ITH1,Province of Bolzano-Bozen,IT,474568,532644,77974,105656,315518,343756,7370,64.39,72.27,0.176,13.05,9.29,1466.47,3,0.85,28800,28631,0.027,0.039,0.6223
ITH4,Friuli-Venezia Giulia,IT,1199220,1206220,265975,319905,790858,743537,7571,158.4,159.32,0.214,20.25,14.62,7900.38,6.5,0.87,25713,23999,0.041,0.058,0.6669
PL61,Kuyavian-Pomerania,PL,2068260,2050980,252394,366367,1456260,1372370,17576,117.68,116.69,0.266,20.83,18.05,12519.4,6.1,0.847,9988,15687,0.2,0.031,NA
PL63,Pomerania,PL,2194040,2316140,257763,394885,1547240,1528840,17692,124.01,130.91,0.349,16.43,14.6,11764.9,5.3,0.857,10274,17099,0.19,0.032,NA
PT11,North (PT),PT,3716870,3575340,553820,748785,2533640,2374930,21115,176.03,169.33,0.249,9.43,6.94,14038.3,3.8,0.74,14053,15851,0.093,0.072,NA
PT17,Metropolitan area of Lisbon,PT,2732440,2863270,447425,632124,1857040,1776430,2810,972.4,1018.96,0.38,12.5,9.7,10810.8,3.9,0.86,21127,20963,0.087,0.08,NA
CZ02,Central Bohemian Region,CZ,1143930,1385140,161528,255825,809999,883188,10719,106.72,129.22,0.242,18.17,14.78,23638,19.4,0.88,14229,18811,0.052,0.02,0.4534
JPC,"Northern-Kanto, Koshin",JP,10097000,9597000,2099640,2904000,6543740,5566000,35355,285.59,271.45,NA,11.59,12.67,99805,10,0.690894,20292,NA,0.038,0.027,NA
KR06,Gangwon Region,KR,1488880,1515110,186101,302453,1028760,1044860,16572,89.84,91.43,0.50139,25.31,29.63,19888.4,13.4,NA,12871,19081,0.02,0.037,0.6727
CH01,Lake Geneva Region,CH,1362750,1654750,206486,284965,924247,1109580,8256,165.06,200.43,0.427443,13.79,10.73,8776.43,6.2,0.96,NA,NA,0.067,0.079,0.591
TR42,Eastern Marmara - North,TR,2878130,3961950,NA,355417,NA,2736600,20104,143.16,197.07,0.207,24.12,24.69,16932.3,5.5,NA,NA,NA,NA,0.125,NA
BR13,Pernambuco,BR,8413590,9616620,568667,NA,5536060,NA,98527,85.39,97.6,NA,NA,NA,15542.6,1.8,NA,NA,NA,NA,NA,0.6177
CO44,La Guajira,CO,645718,965718,26720,48220,363060,591933,20848,30.97,46.32,0.242699,19.35,19.12,NA,NA,NA,NA,NA,0.063,NA,NA
CO47,Magdalena,CO,1097750,1427030,60818,106755,667396,912969,23188,47.34,61.54,0.189388,20.99,19.16,NA,NA,NA,NA,NA,0.068,NA,NA
CR05,Huetar Caribbean,CR,377204,460083,15508,31080,237437,310533,9189,41.05,50.07,0.147382,NA,NA,NA,NA,NA,NA,NA,NA,NA,NA
EL30,Attica,EL,3952790,3738900,624440,783935,2762760,2417500,3788,1043.5,987.04,0.41,22.02,16.78,22756.2,5.7,NA,22985,17158,0.092,0.143,NA
EL43,Crete,EL,600490,636504,103390,124444,393665,409192,8305,72.3,76.64,0.28,17.52,13.61,1431.44,2.3,NA,16580,14440,0.073,0.178,NA
EL52,Central Macedonia,EL,1880520,1872100,338251,422159,1248600,1187390,18501,101.64,101.19,0.322,19.25,13.97,8523.04,4.5,NA,17971,14376,0.113,0.187,NA
AT21,Carinthia,AT,558926,561293,96141,123868,374579,362716,9367,59.67,59.92,0.321,14.63,10.83,3767.16,6.7,0.87,25437,25803,0.051,0.048,0.5869
DE2,Bavaria,DE,12443900,13124700,2223360,2695100,8295780,8629890,69900,178.02,187.76,0.34,14.59,11.39,83110.3,6.6,0.94,25812,29017,0.072,0.027,0.6387
TR71,Central Anatolia - Middle,TR,1473390,1608190,NA,172742,NA,1081760,31560,46.69,50.96,0.178,25.42,24.67,10493.1,7.1,NA,NA,NA,NA,0.123,NA
TR90,Eastern Black Sea,TR,2463110,2690180,NA,370614,NA,1825170,34918,70.54,77.04,0.205,22.55,21.87,5649.05,2.3,NA,NA,NA,NA,0.094,NA
DEA,North Rhine-Westphalia,DE,18075400,17947200,3387160,3800110,11907100,11654300,33840,534.14,530.36,0.28,16.16,12.92,294265,16.4,0.94,23559,25498,0.106,0.044,0.7042
HU21,Central Transdanubia,HU,1110900,1060760,162608,208632,773791,699730,10689,103.93,99.24,0.221,18.22,14.72,6052.96,5.5,0.88,11374,15629,0.061,0.028,NA
HU22,Western Transdanubia,HU,1000350,994549,156008,197796,696525,657693,11190,89.4,88.88,0.25,19.47,15.71,2958.18,3,0.85,11695,14790,0.058,0.024,NA
PL51,Lower Silesia ,PL,2893060,2864810,385857,549784,2065440,1893930,19771,146.33,144.9,0.361,25.77,21.43,28197.8,9.8,0.85,10847,18332,0.229,0.032,NA
US16,Idaho,US,1428240,1847770,164800,305994,936572,1149240,214314,6.66,8.62,NA,7.59,6.66,13408.1,8.7,0.884,31244,39168,0.04,0.052,0.072
US25,Massachusetts,US,6403290,7022220,848921,1198400,4359270,4596120,20306,315.34,345.82,NA,8.45,5.77,89966,13.9,0.889,45611,59172,0.05,0.093,0.694
US26,Michigan,US,10051100,10067700,1255160,1812440,6725080,6405130,147121,68.32,68.43,NA,10.9,7.78,171446,17.2,0.859,35077,41141,0.068,0.099,0.69
US34,New Jersey,US,8651970,9279740,1119850,1510030,5785850,5777210,19211,450.37,483.04,NA,11.47,7.54,154861,17.8,0.894,46246,57406,0.045,0.095,0.741
US38,North Dakota,US,646089,778962,94315,123141,431623,487927,178647,3.62,4.36,NA,6.6,6.08,43766.3,66.6,0.841,34390,48663,0.035,0.05,0.645
US53,Washington,US,6257310,7718790,714734,1247870,4294020,5053340,172348,36.31,44.79,NA,6.66,6.16,82750.8,12.6,0.912,40602,54572,0.056,0.085,0.742
US56,Wyoming,US,514157,577267,62222,103776,350774,368180,251489,2.04,2.3,NA,4.75,4.46,48956.5,89.7,0.878,40665,52617,0.033,0.056,0.447
ITF1,Abruzzo,IT,1280040,1293940,270352,314288,836519,821350,10810,118.41,119.7,0.212,18.04,13.61,5795.02,4.5,0.84,20195,18500,0.079,0.095,0.7087
ITH3,Veneto,IT,4669410,4879130,886242,1135670,3138760,3109690,17348,269.16,281.25,0.198,28.77,20.68,44045.5,9.2,0.87,24489,23133,0.043,0.06,0.6892
ITI4,Lazio,IT,5217360,5755700,989158,1276880,3505960,3724800,16958,307.66,339.41,0.27,20.89,15.49,54045.5,10.1,0.87,25844,22284,0.078,0.093,0.7151
JPA,Hokkaido,JP,5628000,5225000,1205690,1679000,3696060,2989000,83456,67.44,62.61,NA,8.79,10.42,50114.3,9.1,0.551745,18195,NA,0.053,0.03,NA
PT15,Algarve,PT,418530,438406,78172,96053,276219,276802,4934,84.83,88.85,0.244,11.86,9.56,2357.96,5.4,0.77,18757,21953,0.065,0.088,NA
ES23,La Rioja,ES,298045,315931,54754,67208,203651,203428,5031,59.24,62.8,0.385,11.31,8.72,1764.46,5.5,0.9,21564,20944,0.06,0.109,NA
CL13,Santiago Metropolitan Region,CL,6525160,8125070,529833,904297,4430120,5708610,15309,426.23,530.74,0.383371,25.73,27.71,22440,3.3,NA,NA,NA,NA,0.118,NA
CL14,Los Ríos,CL,372946,405835,34620,55500,244449,273653,17234,21.64,23.55,0.230719,28.49,29.66,1826.27,4.8,NA,NA,NA,NA,0.105,NA
CZ01,Prague,CZ,1161330,1324280,183527,251166,832710,862264,485,2394.5,2730.47,0.459,18.94,15.7,8645.98,7.2,0.93,18368,23379,0.035,0.024,0.8296
CZ05,Northeast,CZ,1478380,1518000,208630,315398,1041580,961242,12252,120.66,123.9,0.205,20.12,15.89,12740.1,8.5,0.86,12716,16656,0.055,0.024,0.5344
CZ06,Southeast,CZ,1642020,1701800,237497,342911,1157290,1088020,13706,119.8,124.16,0.277,19.97,16.05,10448.3,6.3,0.88,12660,17204,0.077,0.023,0.561
DK01,Copenhagen region,DK,1631540,1846020,235914,315667,1103330,1222660,2435,670.04,758.12,0.531,13.28,10.18,12753.3,7.7,0.93,17989,21845,NA,0.063,0.7413
FI19,Western Finland,FI,1330370,1378650,230510,324964,871246,835371,58303,22.82,23.65,0.459,6.95,5.46,24885.7,18.5,0.92,17684,20484,0.088,0.08,NA
JPD,Southern-Kanto,JP,34479000,36914000,5993140,9274000,23830600,23378000,13112,2629.58,2815.28,NA,13.45,14.76,240008,6.9,0.786553,25125,NA,0.045,0.031,NA
JPG,Kansai region,JP,20893000,20542000,4055550,5893000,13834200,12197000,26232,796.47,783.09,NA,12.62,13.99,171129,8.2,0.731207,21315,NA,0.054,0.032,NA
ES51,Catalonia,ES,6870810,7652350,1128320,1471140,4766640,5012700,31964,214.95,239.41,0.423,14.86,11.31,45251.1,6.1,0.94,23360,22802,0.07,0.128,0.71
CH07,Ticino,CH,319931,351491,59505,80718,214144,224584,2733,117.06,128.61,0.383685,18.71,13.46,2069.67,6.3,0.92,NA,NA,0.058,0.068,0.61
TR31,Izmir,TR,3603400,4367250,NA,493673,NA,3057660,11718,307.51,372.7,0.252,23.27,24.3,8882.18,2.4,NA,NA,NA,NA,0.174,NA
BR07,Tocantins,BR,1305730,1590250,65578,NA,813672,NA,277298,4.71,5.73,NA,NA,NA,58504.5,42.7,NA,NA,NA,NA,NA,0.5583
BR17,Espírito Santo,BR,3408370,4064050,209771,NA,2292720,NA,46047,74.02,88.26,NA,NA,NA,6490.09,1.8,NA,NA,NA,NA,NA,0.6673
BR18,Minas Gerais,BR,19237500,21292700,1357230,NA,12915300,NA,586552,32.8,36.3,NA,NA,NA,62049.6,3.2,NA,NA,NA,NA,NA,0.6573
CO18,Caquetá,CO,379273,410521,17290,26884,223932,260927,88965,4.26,4.61,0.201928,18.29,18.14,NA,NA,NA,NA,NA,0.068,NA,NA
CO68,Santander,CO,1882380,2280910,132527,228852,1221400,1548410,30537,61.64,74.69,0.231405,26.61,26.02,NA,NA,NA,NA,NA,0.126,NA,NA
CO85,Casanare,CO,325061,435195,11234,24573,201129,292234,44640,7.28,9.75,NA,27.07,28.06,NA,NA,NA,NA,NA,NA,NA,NA
CR06,North Huetar ,CR,307067,421912,13660,27378,191650,285905,9796,31.35,43.07,0.0929819,NA,NA,NA,NA,NA,NA,NA,NA,NA,NA
PE12,Junín,PE,1254000,1361470,63795,NA,737533,NA,44327,28.29,30.71,NA,NA,NA,NA,NA,NA,NA,NA,NA,NA,NA
PE16,Loreto,PE,917618,1027560,27859,NA,542021,NA,368852,2.49,2.79,NA,NA,NA,NA,NA,NA,NA,NA,NA,NA,NA
RO21,North East,RO,3735510,3184220,531712,582256,2507570,2032050,36488,102.38,87.27,0.118,18.79,14.28,NA,NA,0.77,5299,10456,0.061,0.032,NA
SI04,Western Slovenia,SI,905174,995849,141642,197646,633122,643130,7812,115.87,127.48,0.416,20.83,16.84,7410.37,8,0.92,16207,18430,NA,0.044,NA
RO32,Bucharest - Ilfov,RO,2209770,2322000,321822,384245,1624790,1578210,1754,1259.84,1323.83,0.405,25.63,20.38,NA,NA,0.91,12065,27716,0.069,0.048,NA
NZ11,Northland,NZ,151000,194300,21230,39100,94350,115800,11840,12.75,16.41,0.267,5.32,4.98,107.975,0.7,NA,13047,NA,0.055,0.05,NA
NZ12,Auckland,NZ,1348900,1716900,130140,213700,920690,1169600,4476,301.36,383.58,0.455,6.16,5.83,1688.21,1.2,NA,16662,NA,0.038,0.044,NA
FRF,Grand Est,FR,5475270,5536000,865137,1146410,3611470,3454310,57328,95.51,96.57,0.332,14.6,11.37,39905.1,7.2,0.8,19971,22294,0.088,0.09,0.7236
MT00,Malta,MT,402668,514564,53565,95050,278039,350356,313,1286.48,1643.97,NA,15.38,13.06,NA,NA,0.86,13519,NA,0.069,0.043,NA
PL71,Lodzkie,PL,2587700,2442690,383379,493227,1808870,1598090,18110,142.89,134.88,NA,31.02,26.39,59223,23.2,0.784,10864,17765,NA,NA,NA
PL82,Podkarpacia,PL,2097980,2084450,267028,357273,1437300,1407110,17702,118.52,117.75,NA,27.63,22.98,13987.6,6.7,0.868,8370,14135,NA,NA,NA
AT12,Lower Austria,AT,1568950,1684290,264642,341839,1047590,1099170,18907,82.98,89.08,0.33,16.77,12.29,28464.7,17.8,0.91,27089,27530,0.047,0.043,0.6522
BE2,Flemish Region,BE,6043160,6639010,1073880,1357590,3973160,4201890,13429,450.01,494.38,0.427,16.42,13.21,79324.5,12.8,0.89,23256,25217,0.054,0.035,0.7616
TRB1,Eastern Anatolia - West,TR,1561650,1755740,NA,171470,NA,1180680,36251,43.08,48.43,0.227,24.98,23.87,3851.78,2.4,NA,NA,NA,NA,0.11,NA
DEE,Saxony-Anhalt,DE,2494440,2194780,516186,591845,1717240,1332160,20247,123.2,108.4,0.22,16.23,12.54,27602.3,11.5,0.94,18778,22677,0.205,0.047,0.5974
DEF,Schleswig-Holstein,DE,2828760,2903770,539411,672553,1852680,1843040,15408,183.59,188.46,0.26,14.23,11.11,22313,7.9,0.96,23652,26389,0.105,0.034,0.7121
IS01,Capital Region,IS,184244,233034,21451,32577,122427,157052,1034,178.19,225.37,NA,7.85,6.61,1065.28,5.3,NA,22508,NA,0.033,0.072,NA
NL21,Overijssel,NL,1109430,1162410,156370,227104,737353,744456,3362,329.99,345.75,0.377,14.59,11.47,6640.71,5.9,0.96,19015,20960,0.063,0.036,NA
NL22,Gelderland,NL,1972010,2085950,279587,426100,1318490,1333880,5000,394.4,417.19,0.381,15.46,12.64,18982.3,9.6,0.98,19811,21868,0.055,0.036,NA
NL32,North Holland,NL,2599100,2879530,353775,520253,1778670,1911100,2753,944.1,1045.96,0.499,15.95,12.12,33322.1,12.6,0.98,21939,23766,0.06,0.041,NA
US02,Alaska,US,666946,732441,44678,95876,471677,484860,1481350,0.45,0.49,NA,9.36,7.82,24923.8,36.3,0.878,42451,54447,0.066,0.078,0.523
US10,Delaware,US,845150,991886,112063,197594,567209,619836,5060,167.03,196.02,NA,12.35,7.63,12112.2,13.7,0.888,41244,45223,0.042,0.078,0.114
US54,West Virginia,US,1820490,1789800,280820,373569,1219050,1117690,62361,29.19,28.7,NA,11.31,6.28,92072.1,50,0.81,29033,36149,0.053,0.082,0.554
IL03,Haifa District,IL,854800,1053400,105800,NA,540500,NA,866,987.07,1216.4,NA,18.8,15.52,20105.8,22.8,NA,10298,NA,0.098,NA,NA
ES41,Castile and León,ES,2482800,2401310,557306,612682,1635060,1504770,93806,26.47,25.6,0.39,10.43,8.15,38290.6,15,0.89,19804,20247,0.088,0.122,NA
CL01,Tarapacá,CL,263141,382773,15844,31468,176127,263894,42280,6.22,9.05,0.289264,12.83,13.36,788.94,2.8,NA,NA,NA,NA,0.102,NA
CL06,O'Higgins,CL,834493,991063,70852,131373,550657,665120,16241,51.38,61.02,0.213313,22.87,25.08,1533.27,1.8,NA,NA,NA,NA,0.112,NA
CL09,Araucanía,CL,919417,1014340,85989,138079,595673,673672,31250,29.42,32.46,0.214051,27.16,29.84,2689.24,2.9,NA,NA,NA,NA,0.099,NA
EE00,Estonia,EE,1358850,1328980,225140,266288,924760,843986,43110,31.52,30.83,0.401,8.38,5.95,21965.8,16.4,0.9,9388,15999,0.082,0.072,NA
JPE,Hokuriku,JP,5539000,5136000,1270300,1629000,3492910,2907000,32723,169.27,156.95,NA,11.05,12.11,52947.7,9.7,0.703075,21816,NA,0.036,0.025,NA
KR05,Chungcheong Region,KR,4872890,5685060,537864,904104,3392150,4043760,16558,294.29,343.34,0.51272,24.21,27.91,124593,24.8,NA,13631,19524,0.033,0.036,0.6204
ES43,Extremadura,ES,1070100,1061980,202613,221810,702380,696910,40922,26.15,25.95,0.267,9.15,7.07,4272.72,3.9,0.89,15281,15846,0.156,0.22,0.7753
SE33,Upper Norrland,SE,509460,521829,92870,118265,330736,319109,151902,3.35,3.44,0.4,5.44,4.45,3577.72,7,0.96,15863,21739,0.086,0.064,0.7323
TR61,Mediterranean region - West,TR,2301810,3227410,NA,309882,NA,2248330,35579,64.7,90.71,0.244,29.82,28.56,5376.27,2.2,NA,NA,NA,NA,0.125,NA
BR02,Amapá,BR,594587,861773,17181,NA,352063,NA,142816,4.16,6.03,NA,NA,NA,6105.12,9.3,NA,NA,NA,NA,NA,0.5331
BR15,Rio Grande do Norte,BR,3003090,3534170,208937,NA,1974850,NA,53077,56.58,66.59,NA,NA,NA,5400.98,1.7,NA,NA,NA,NA,NA,0.6207
BR16,Sergipe,BR,1967790,2318820,107607,NA,1265300,NA,21962,89.6,105.58,NA,NA,NA,3529.56,1.7,NA,NA,NA,NA,NA,0.6307
PE01,Amazonas (PE),PE,400668,426806,16417,NA,251699,NA,39249,10.21,10.87,NA,NA,NA,NA,NA,NA,NA,NA,NA,NA,NA
PE04,Arequipa,PE,1155270,1497440,69934,NA,763012,NA,63345,18.24,23.64,NA,NA,NA,NA,NA,NA,NA,NA,NA,NA,NA
PE05,Ayacucho,PE,611542,668213,32511,NA,341108,NA,43815,13.96,15.25,NA,NA,NA,NA,NA,NA,NA,NA,NA,NA,NA
PE08,Cusco,PE,1228060,1357080,64553,NA,760772,NA,71987,17.06,18.85,NA,NA,NA,NA,NA,NA,NA,NA,NA,NA,NA
PE25,Ucayali,PE,429576,589110,14123,NA,263957,NA,102400,4.2,5.75,NA,NA,NA,NA,NA,NA,NA,NA,NA,NA,NA
EL53,Western Macedonia,EL,287631,264670,60682,64834,182283,165409,9229,31.17,28.68,0.266,22.02,15.68,36050.5,125.8,NA,18256,15243,0.181,0.201,NA
SI03,Eastern Slovenia,SI,1092420,1100010,164842,226358,771306,712925,12333,88.58,89.19,0.308,21.52,17.26,16233,14.9,0.87,13983,17715,NA,0.056,NA
RO41,South West Oltenia,RO,2313900,1910410,373909,400107,1573990,1248470,28678,80.69,66.62,0.167,20.95,16,NA,NA,0.83,5932,11626,0.072,0.052,NA
NZ24,Otago,NZ,197900,244600,26910,40700,135990,165300,31710,6.24,7.71,0.349,7.43,6.89,326.846,1.6,NA,15253,NA,0.039,0.04,NA
NZ25,Southland,NZ,93700,102800,12710,17800,61000,65300,31093,3.01,3.31,0.199,7.52,6.99,1756.84,18.8,NA,15253,NA,0.04,0.036,NA
FRY3,French Guiana,FR,199206,288086,7948,17644,120361,177487,83383,2.39,3.45,NA,14.48,14.11,NA,NA,0.79,12726,12822,0.25,0.165,0.2707
AU6,Tasmania,AU,486202,540780,70146,110799,319300,335679,67914,7.16,7.96,0.388,6.41,6.14,6029.67,12.1,NA,20858,27752,0.063,0.065,NA
AT34,Vorarlberg,AT,360054,397139,47857,69715,245311,263948,2532,142.2,156.85,0.292,12.45,9.59,2339.8,6.4,0.9,27008,27641,0.056,0.037,0.6035
TR72,Central Anatolia - East,TR,2269190,2467570,NA,260799,NA,1645810,59381,38.21,41.55,0.182,26.61,24.92,10462.7,4.6,NA,NA,NA,NA,0.13,NA
TRA2,Northeastern Anatolia - East,TR,1130990,1118370,NA,74330,NA,698335,29669,38.12,37.69,0.145,27.29,27.85,2185.51,1.9,NA,NA,NA,NA,0.119,NA
TRC2,Southeastern Anatolia - Middle,TR,2790120,3829970,NA,167597,NA,2262560,33963,82.15,112.77,0.125,28.57,29.13,5939.88,2,NA,NA,NA,NA,0.202,NA
LV00,Latvia,LV,2249720,1907680,374339,391413,1538630,1211070,63290,35.55,30.14,0.378,18.13,12.71,NA,NA,0.83,8769,13975,0.103,0.085,NA
DE7,Hesse,DE,6097770,6288080,1111280,1307110,4082810,4102790,21038,289.85,298.89,0.31,14.35,11.36,76989.8,12.7,0.94,24441,27151,0.086,0.04,0.6599
HU33,Southern Great Plain,HU,1354940,1231090,222128,262320,923324,800410,18109,74.82,67.98,0.216,18.97,14.82,3011.3,2.3,0.81,9652,13759,0.081,0.047,NA
NL11,Groningen,NL,575072,585866,83813,116735,394916,387741,2360,243.67,248.25,0.406,13.95,10.8,3014.62,5.3,0.93,18453,20671,0.085,0.053,NA
NO02,Innlandet,NO,371550,387285,64881,82385,227486,232431,49391,7.52,7.84,0.355,7.37,6.09,4943.35,13.2,1,NA,23063,0.039,0.038,0.758
US27,Minnesota,US,5119600,5707170,621377,948841,3451970,3629410,206189,24.83,27.68,NA,8.05,6.62,101918,19.4,0.879,39766,48006,0.039,0.061,0.561
US28,Mississippi,US,2905940,2956870,355950,499955,1922700,1893880,121489,23.92,24.34,NA,11.89,7.62,44323.1,15,0.768,29395,33658,0.071,0.082,0.065
US36,New York,US,19132600,20154900,2491760,3369570,12945600,12654200,122283,156.46,164.82,NA,10.42,7.12,270015,14.1,0.862,41308,56724,0.051,0.101,0.662
CA59,British Columbia,CA,4196060,5158730,583943,987811,2919820,3450500,922503,4.55,5.59,NA,6.99,7.42,49516.8,11.4,NA,19770,NA,0.059,0.09,0.8182
ITC2,Aosta Valley,IT,122927,125034,24550,30309,82128,78641,3245,37.88,38.53,0.189,14.57,10.87,494.291,3.9,0.85,26365,23193,0.018,0.059,0.6589
ITF3,Campania,IT,5743010,5712140,861520,1099630,3860890,3798440,13635,421.2,418.93,0.163,19.41,14.71,41058.1,7.1,0.79,17150,15232,0.15,0.184,0.6663
ITF5,Basilicata,IT,592650,553254,116568,130001,388383,358505,10020,59.15,55.21,0.176,12.27,9.45,2274.27,3.9,0.78,17311,16323,0.124,0.088,0.7131
ITH2,Province of Trento,IT,493907,545425,91562,122248,326753,346352,6156,80.23,88.6,0.224,17.67,12.71,2824.63,5.5,0.91,26298,23748,0.036,0.054,0.6823
ES30,Madrid,ES,5866220,6747070,825012,1213260,4184370,4510230,7972,735.85,846.35,0.502,12.08,9.81,43320.7,6.9,0.94,24755,25275,0.069,0.126,0.7103
CA62,Nunavut,CA,30339,39155,791,1611,19315,25166,1877780,0.02,0.02,NA,4.15,3.7,NA,NA,NA,18862,NA,NA,NA,0.6759
FI1D,Eastern and Northern Finland,FI,1299750,1278240,218326,310545,849380,763038,203900,6.37,6.27,0.42,5.96,4.78,57631.4,44.4,0.91,16836,20386,0.114,0.091,NA
SE11,Stockholm,SE,1872900,2377080,263630,379375,1264920,1556610,6524,287.08,364.36,0.537,6.99,5.51,12551.1,6.4,0.93,19176,26681,0.07,0.079,0.6391
SE12,East Middle Sweden,SE,1514550,1727400,263138,358694,984666,1062450,38444,39.4,44.93,0.428,6.87,5.19,10510.1,6.8,0.95,16244,21840,0.082,0.097,0.6934
CH06,Central Switzerland,CH,703706,818962,101870,148903,479398,546680,4253,165.46,192.56,0.459905,13.44,9.92,3797.3,5.2,0.96,NA,NA,0.028,0.03,0.538
TR10,Istanbul,TR,11908600,15519300,NA,1079200,NA,11077000,5189,2294.97,2990.8,0.263,25.68,26.08,41484.1,3.3,NA,NA,NA,NA,0.149,NA
TR21,Thrace,TR,1388190,1831150,NA,201342,NA,1287140,18703,74.22,97.91,0.232,28.04,26.1,6465.9,4.4,NA,NA,NA,NA,0.094,NA
BR03,Amazonas,BR,3232330,4207710,112580,NA,1928430,NA,1570950,2.06,2.68,NA,NA,NA,21238.6,6.2,NA,NA,NA,NA,NA,0.5873
BR20,São Paulo,BR,40442800,46289300,2751010,NA,27632900,NA,248177,162.96,186.52,NA,NA,NA,108252,2.6,NA,NA,NA,NA,NA,0.7722
CO50,Meta,CO,793921,1063450,40479,81594,500057,713333,85635,9.27,12.42,0.187761,28,28.26,NA,NA,NA,NA,NA,0.109,NA,NA
CO52,Nariño,CO,1510450,1627590,109202,165427,953715,1084580,33268,45.4,48.92,0.162011,13.86,13.36,NA,NA,NA,NA,NA,0.121,NA,NA
CO63,Quindío,CO,511181,555401,40098,74400,341723,379629,1845,277.06,301.03,0.254463,23.5,21.41,NA,NA,NA,NA,NA,0.203,NA,NA
CO91,Amazonas,CO,59580,79020,1911,4010,33666,46392,109665,0.54,0.72,NA,23.46,22.27,NA,NA,NA,NA,NA,NA,NA,NA
PE19,Pasco,PE,280061,271904,11271,NA,161849,NA,25028,11.19,10.86,NA,NA,NA,NA,NA,NA,NA,NA,NA,NA,NA
EL42,South Aegean,EL,321798,347512,45903,64688,219098,225997,5231,61.52,66.43,0.225,14.04,11.25,541.318,1.6,NA,16787,18809,0.092,0.171,NA
RO11,North West,RO,2742680,2547430,370174,451843,1923870,1689600,34010,80.64,74.9,0.201,18.07,14.54,NA,NA,0.85,6762,14038,0.061,0.039,NA
NZ22,West Coast,NZ,31800,32800,4330,7000,20930,20200,23238,1.37,1.41,NA,6.92,6.63,11039.4,340.7,NA,NA,NA,NA,NA,NA
FRB,Centre - Val de Loire,FR,2507250,2565730,461693,589880,1593050,1528400,39232,63.91,65.4,0.319,13.53,10.36,13209.7,5.2,0.8,20578,23139,0.069,0.09,0.7358
FRD,Normandy,FR,3259100,3313430,547376,731816,2093120,2002710,29988,108.68,110.49,0.321,13.51,10.86,27737.6,8.4,0.78,19775,22637,0.077,0.075,0.7879
PL84,Podlaskie,PL,1202430,1149390,172350,207429,819814,770611,19998,60.13,57.48,NA,21.34,18.51,6384.12,5.4,0.829,8846,14734,NA,NA,NA
AU1,New South Wales,AU,6693210,8167530,899718,1366640,4474160,5292140,801352,8.35,10.19,0.518,6.96,6.93,136962,19.7,NA,25657,31398,0.052,0.061,NA
AU8,Canberra region (ACT),AU,331399,431380,31030,57745,237248,290888,2349,141.08,183.64,0.628,6.27,6.12,9507.83,27.3,NA,38238,53878,0.033,0.038,NA
TRC3,Southeastern Anatolia - East,TR,1843780,2307330,NA,107383,NA,1402060,25723,71.68,89.7,0.146,29.11,29.55,3494.16,1.8,NA,NA,NA,NA,0.336,NA
NL12,Friesland,NL,642977,649957,95646,140773,425739,406909,3397,189.28,191.33,0.343,13.59,10.28,4192.91,6.5,0.97,19125,21004,0.06,0.04,NA
NL31,Utrecht,NL,1171290,1319230,147339,224488,799404,869032,1405,833.66,938.95,0.557,15.71,12.8,7912.57,6.6,0.98,21450,24144,0.049,0.036,NA
US21,Kentucky,US,4182740,4503960,527689,770835,2824180,2875800,102896,40.65,43.77,NA,12.54,7.92,127543,29.7,0.831,31060,36913,0.063,0.068,0.573
US37,North Carolina,US,8705410,10457200,1059320,1814540,5885340,6880590,126161,69,82.89,NA,11.4,7.2,125138,13.4,0.853,34249,40003,0.053,0.069,0.088
US40,Oklahoma,US,3548600,3962030,467056,653159,2351710,2534050,177847,19.95,22.28,NA,11.42,8.24,83968.3,22.9,0.836,33634,40439,0.047,0.062,0.555
ITC1,Piedmont,IT,4272120,4311220,950340,1115960,2795080,2669820,25151,169.86,171.41,0.198,26.71,19.63,35026.3,8.1,0.83,26967,24097,0.047,0.077,0.6887
ITF4,Apulia,IT,4033130,3953310,685655,891842,2701300,2553640,19298,208.99,204.86,0.153,15.65,11.96,21876.7,5.4,0.77,17158,16431,0.146,0.144,0.7262
ITG2,Sardinia,IT,1632690,1611620,281633,393813,1136830,1040550,23894,68.33,67.45,0.177,12.01,9.11,12759.6,7.8,0.84,17844,17557,0.128,0.136,0.7218
JPB,Tohoku,JP,9635000,8612000,2230000,2772000,6060250,4885000,66504,144.88,129.5,NA,9.64,10.79,103584,11,0.618307,17846,NA,0.053,0.031,NA
PT20,Autonomous Region of the Azores,PT,244491,242796,30828,36277,163990,169212,2305,106.07,105.33,0.158,7.6,7.11,436.602,1.8,0.83,17019,17607,NA,0.063,NA
ES13,Cantabria,ES,554688,582388,103746,129838,383371,376649,5268,105.29,110.55,0.425,12.02,9.1,3492.63,6,0.91,20758,20205,0.084,0.123,0.7274
JPF,Toukai,JP,15021000,14924000,2870530,4133000,9927250,8916000,22338,672.44,668.1,NA,11.86,13.1,140793,9.3,0.709757,22311,NA,0.033,0.025,NA
ES52,Valencia,ES,4567160,5029340,727081,989293,3170890,3303280,23135,197.41,217.39,0.38,12.23,9.74,25104.7,5.1,0.91,18605,18067,0.089,0.164,0.7552
SE31,North Middle Sweden,SE,826188,857762,164345,207476,524434,507267,63665,12.98,13.47,0.353,6.43,4.94,4386.26,5.3,0.93,15816,21352,0.093,0.083,0.7099
CH03,Northwestern Switzerland ,CH,1017180,1171160,163070,225972,695498,771652,1934,525.95,605.56,0.453506,13.93,10.51,5344.92,5.1,0.97,NA,NA,0.041,0.049,0.6019
BR01,Acre,BR,669736,894470,25395,NA,391236,NA,152522,4.39,5.86,NA,NA,NA,1954.83,2.7,NA,NA,NA,NA,NA,0.5486
BR14,Piauí,BR,3006890,3281480,197948,NA,1943290,NA,251312,11.96,13.06,NA,NA,NA,27723,8.8,NA,NA,NA,NA,NA,0.6033
BR25,Goiás,BR,5619920,7113540,304073,NA,3812530,NA,340118,16.52,20.91,NA,NA,NA,38284.8,6.5,NA,NA,NA,NA,NA,0.6362
CO11,Bogotá Capital District,CO,6710910,7743960,335049,705500,4457780,5571650,1587,4228.68,4879.62,0.358946,29.79,30.05,NA,NA,NA,NA,NA,0.132,NA,NA
CO20,Cesar,CO,948747,1295390,41720,83253,571720,828862,22905,41.42,56.55,0.227502,24.03,22.77,NA,NA,NA,NA,NA,0.071,NA,NA
CO27,Chocó,CO,402709,544764,17286,33356,230860,331369,46530,8.65,11.71,0.215231,21.83,18.23,NA,NA,NA,NA,NA,0.114,NA,NA
CO41,Huila,CO,941763,1122620,57757,95996,580434,720406,19890,47.35,56.44,0.192353,18.07,17.07,NA,NA,NA,NA,NA,0.122,NA,NA
CO66,Risaralda,CO,877974,961055,60352,119160,585528,651453,4140,212.07,232.14,0.233051,24.49,21.89,NA,NA,NA,NA,NA,0.146,NA,NA
CO94,Guainía,CO,30731,50636,1028,2014,15201,28610,72238,0.43,0.7,NA,23.31,24.43,NA,NA,NA,NA,NA,NA,NA,NA
CR03,Central Pacific,CR,229764,302831,13177,26273,149588,206740,3921,58.6,77.23,0.153986,NA,NA,NA,NA,NA,NA,NA,NA,NA,NA
PE03,Apurímac,PE,433256,430736,24005,NA,258071,NA,20896,20.73,20.61,NA,NA,NA,NA,NA,NA,NA,NA,NA,NA,NA
PE23,Tacna,PE,296767,370974,11767,NA,199998,NA,16076,18.46,23.08,NA,NA,NA,NA,NA,NA,NA,NA,NA,NA,NA
EL62,Ionian Islands,EL,206688,203149,43572,47366,133242,126244,2276,90.81,89.26,0.237,15.74,11.83,410.066,2,NA,11638,19079,0.088,0.166,NA
EL63,Western Greece,EL,697975,651065,136390,147725,449444,412620,11033,63.26,59.01,0.25,17.82,13,2413.4,3.5,NA,15440,12903,0.109,0.221,NA
BG34,South East,BG,1128100,1024120,192286,218211,769847,643234,19594,57.57,52.27,0.229,20.43,16.58,NA,NA,0.75,6072,9551,0.083,0.047,NA
NZ15,Gisborne,NZ,45900,51100,5350,8100,28560,31500,8335,5.51,6.13,0.274,6.4,6.13,5398.03,117.3,NA,14001,NA,0.05,0.052,NA
NZ17,Taranaki,NZ,106800,125200,15510,22300,68000,77100,7069,15.11,17.71,0.284,6.51,6.24,963.563,8.9,NA,15044,NA,0.041,0.049,NA
FRY4,La Réunion,FR,772907,856858,58887,110157,506351,555719,2478,311.91,345.79,NA,5.63,5.46,NA,NA,0.66,16578,19081,0.299,0.177,0.5392
FRH,Brittany,FR,3066590,3358520,570342,767359,1940500,2022250,27386,111.98,122.64,0.381,11.96,9.08,12278.9,3.9,0.84,19309,22059,0.067,0.068,0.8018
FRJ,Occitanie,FR,5240790,5951850,1005420,1371300,3339270,3599820,72768,72.02,81.79,0.422,13.48,10.12,27458.8,5,0.81,18996,21438,0.088,0.073,0.7392
FRL,Provence-Alpes-Côte d’Azur,FR,4768560,5077580,899234,1191210,3035380,3037070,31236,152.66,162.56,0.4,17.3,12.82,33802.8,6.9,0.83,20250,23023,0.101,0.082,0.7217
LT01,Vilnius Region,LT,838556,820511,123081,138960,585090,546251,9422,89,87.08,NA,15.58,11.77,NA,NA,0.83,12632,22560,NA,NA,NA
CL16,Ñuble,CL,462532,511551,44579,76705,304370,339411,12998,35.58,39.36,NA,NA,NA,1096.18,2.3,NA,NA,NA,NA,NA,NA
AU3,Queensland,AU,3918490,5176190,470826,831881,2641220,3345250,1734190,2.26,2.98,0.435,6.08,5.71,136924,32.5,NA,23164,28138,0.048,0.072,NA
AU4,South Australia,AU,1538800,1770380,231631,338903,1022670,1121500,985324,1.56,1.8,0.399,6.46,6.22,17102.2,10.8,NA,22655,29540,0.052,0.071,NA
AU7,Northern Territory,AU,205905,246143,8831,20994,145794,172601,1352210,0.15,0.18,0.454,7.88,7.75,1159.99,5.3,NA,25475,38770,0.055,0.06,NA
BE1,Brussels Capital Region,BE,1006750,1223360,155511,159659,666848,825104,162,6214.5,7551.63,0.493,18.74,14.93,5055.73,4.8,0.87,21121,21773,0.164,0.125,0.4987
DE1,Baden-Württemberg,DE,10717400,11100400,1889960,2259700,7137660,7282160,35354,303.15,313.98,0.34,14.51,11.15,97318.6,9.1,0.94,25514,28465,0.072,0.033,0.6352
TRB2,Eastern Anatolia - East,TR,1897190,2174670,NA,94000,NA,1355910,40447,46.91,53.77,0.146,26.52,26.05,4240.62,2.1,NA,NA,NA,NA,0.239,NA
NL13,Drenthe,NL,483369,493682,77956,115285,315999,304133,2671,180.97,184.83,0.346,13.69,10.65,2536.55,5.2,0.96,18959,21369,0.065,0.039,NA
NL41,North Brabant,NL,2411360,2562960,335464,520662,1632570,1656510,4961,486.06,516.62,0.411,15.42,12.29,27082.5,11.1,0.98,20000,22445,0.05,0.036,NA
NL42,Limburg,NL,1136700,1117200,181255,266845,767032,707076,2157,526.98,517.94,0.346,14.65,11.58,9684.43,8.6,0.99,18641,21446,0.065,0.037,NA
NO06,Trøndelag,NO,401011,465136,60437,83909,263629,304530,39493,10.15,11.78,0.46,6.82,5.65,1779.29,4.3,0.92,NA,23853,0.035,0.034,0.7565
PL21,Lesser Poland ,PL,3260200,3371960,430620,577297,2247760,2246460,15031,216.9,224.33,0.338,35.51,29.89,21978.3,6.7,0.809,9860,16812,0.157,0.027,NA
US15,Hawaii,US,1292730,1451910,174929,275080,871991,881757,16635,77.71,87.28,NA,5,4.51,15675.6,11.8,0.88,38815,47696,0.028,0.119,0.386
US22,Louisiana,US,4576630,4651200,532225,763750,3074210,2979120,112825,40.56,41.22,NA,11.77,7.78,130579,29.4,0.806,32512,40641,0.061,0.085,0.568
US24,Maryland,US,5592380,6172680,638067,987352,3821400,3960500,25314,220.92,243.84,NA,12.6,7.68,88597.4,15.6,0.891,45356,52746,0.043,0.067,0.131
US41,Oregon,US,3613200,4241540,470658,789527,2446620,2739410,248631,14.53,17.06,NA,7.8,6.61,45359.3,12,0.89,33851,43576,0.061,0.077,0.103
US45,South Carolina,US,4270150,5130730,533712,976375,2886030,3314230,77983,54.76,65.79,NA,11.93,7.48,70527.9,15.6,0.827,31287,38479,0.067,0.064,0.574
CA46,Manitoba,CA,1178260,1380650,159863,222112,787319,897416,552371,2.13,2.5,NA,6.05,5.7,21197.2,17.7,NA,16569,NA,0.048,0.082,0.743
IL04,Central District,IL,1631700,2233000,155700,NA,1039600,NA,1294,1260.97,1725.66,NA,24.84,21,9043.27,5.1,NA,11346,NA,0.081,NA,NA
ITC3,Liguria,IT,1575190,1524830,416497,438344,986008,919450,5408,291.27,281.96,0.218,16.3,11.75,13649.3,8.7,0.84,26576,23792,0.058,0.086,0.6987
ITG1,Sicily,IT,4968620,4875290,878870,1056210,3274080,3156690,25702,193.32,189.69,0.149,14.6,11.95,25526.9,5.1,0.76,16702,15777,0.162,0.183,0.6343
ITI1,Tuscany,IT,3557580,3692560,823188,950428,2306160,2292480,22804,156.01,161.93,0.211,18.08,12.93,24778.4,6.8,0.86,25444,22965,0.054,0.069,0.7391
PT16,Central Portugal,PT,2352890,2217290,478782,543955,1524320,1406220,27990,84.06,79.22,0.262,11.81,8.61,13052.8,5.6,0.74,15717,17001,0.058,0.06,NA
ES24,Aragon,ES,1255080,1330330,257099,289136,837263,855634,47458,26.45,28.03,0.397,12.36,9.44,15047.4,11.3,0.92,21852,21545,0.059,0.118,0.7489
ES42,Castile-La Mancha,ES,1874020,2045550,350650,390189,1233200,1349730,79109,23.69,25.86,0.308,12.32,9.76,23508.7,11.5,0.87,17169,17010,0.092,0.178,NA
CL04,Coquimbo,CL,655329,836096,59408,107277,428736,558023,40589,16.15,20.6,0.231726,11.85,13.24,1523.94,2.2,NA,NA,NA,NA,0.132,NA
CL10,Los Lagos,CL,770347,891440,63398,108430,508567,608256,46076,16.72,19.35,0.235122,26.32,25.87,2463.54,3.1,NA,NA,NA,NA,0.064,NA
CL15,Arica y Parinacota,CL,201749,252110,15340,29002,135343,170564,16903,11.94,14.92,0.277944,13.08,13.53,613.177,2.9,NA,NA,NA,NA,0.078,NA
CZ08,Moravia-Silesia,CZ,1249280,1200540,162012,240829,894155,775886,5314,235.09,225.92,0.211,31.88,25.78,10139.4,8.2,0.9,12113,15642,0.139,0.037,0.5129
FI1C,Southern Finland,FI,1140560,1148790,201684,291137,750212,692141,31463,36.25,36.51,0.435,7.36,5.61,15775.9,13.7,0.94,18268,21311,0.081,0.079,NA
FI20,Åland,FI,26530,29884,4411,6786,17410,18156,1553,17.08,19.24,0.416,5.73,4.56,733.059,26.9,NA,21941,23708,NA,NA,NA
ES61,Andalusia,ES,7730700,8478080,1118670,1476190,5318300,5679920,86781,89.08,97.7,0.325,14.22,11.37,38233.7,4.7,0.89,16244,16045,0.139,0.225,0.7421
SE22,South Sweden,SE,1311250,1537430,233757,307626,851315,951547,13898,94.35,110.62,0.454,9.88,7.7,10725.7,7.9,0.94,16655,22280,0.09,0.109,0.6483
CH05,Eastern Switzerland,CH,1059590,1183810,163866,228083,713947,780173,11278,93.95,104.97,0.389869,11.5,8.77,5674.89,5.3,0.96,NA,NA,0.038,0.04,0.5325
BR08,Alagoas,BR,3015910,3351540,161802,NA,1895260,NA,27819,108.41,120.48,NA,NA,NA,4840.97,1.5,NA,NA,NA,NA,NA,0.5646
BR09,Bahia,BR,13815300,14930600,880436,NA,8988910,NA,564273,24.48,26.46,NA,NA,NA,46986.1,3.3,NA,NA,NA,NA,NA,0.5839
BR11,Maranhão,BR,6103330,7114600,335738,NA,3792810,NA,331918,18.39,21.43,NA,NA,NA,39277,6,NA,NA,NA,NA,NA,0.5389
BR23,Santa Catarina,BR,5866570,7252500,356378,NA,4077160,NA,95285,61.57,76.11,NA,NA,NA,17499.9,2.8,NA,NA,NA,NA,NA,0.6994
EL64,Central Greece,EL,555282,556002,120270,131195,354748,349043,15418,36.02,36.06,0.252,16.57,12.04,6759.72,12.1,NA,18724,13112,0.11,0.197,NA
RO22,South East,RO,2849960,2377100,406938,476792,1997000,1532520,33670,84.64,70.6,0.131,16.82,13.72,NA,NA,0.77,6298,11793,0.082,0.076,NA
BG33,North East,BG,996533,924870,154520,190765,697852,598069,14560,68.44,63.52,0.233,17.73,14.53,NA,NA,0.74,5948,9439,0.121,0.063,NA
BG42,South Central,BG,1549370,1406630,264913,302722,1069030,899887,22116,70.06,63.6,0.219,28.18,22.71,NA,NA,0.75,5907,9806,0.111,0.035,NA
NZ13,Waikato,NZ,388700,499300,47050,81800,252750,315600,24195,16.07,20.64,0.358,5.84,5.55,6893.31,17.2,NA,15166,NA,0.039,0.042,NA
FRI,Nouvelle-Aquitaine,FR,5526990,6018420,1116620,1467570,3503040,3601010,84206,65.64,71.47,0.349,13.7,10.05,27050.8,4.8,0.82,19849,22395,0.075,0.078,0.7903
HR03,Adriatic Croatia,HR,1392940,1373800,249765,307339,927009,876209,24515,56.82,56.04,0.264,14.54,11.93,NA,NA,0.84,11993,13997,NA,NA,NA
PL92,Mazowiecki region,PL,2368410,2319040,320540,404035,1611130,1546840,29228,81.03,79.34,0.265,25.69,22.03,NA,NA,0.81,10010,17101,NA,NA,NA
AT32,Salzburg,AT,522369,558410,74134,105872,359405,370842,7057,74.02,79.13,0.325,13.92,10.39,3686.53,7,0.89,26591,27053,0.035,0.031,0.5884
CA35,Ontario,CA,12528700,14745700,1612820,2601100,8645830,9864050,908699,13.79,16.23,NA,10.24,7.11,189351,14.7,NA,19654,NA,0.067,0.097,0.767
DE5,Bremen,DE,663213,681202,132244,143953,442977,444006,391,1696.2,1742.2,0.3,15.55,12.47,8026.64,12.1,0.98,23554,24202,0.168,NA,0.7851
IS02,Other Regions,IS,109333,131100,13140,19896,71012,86390,99416,1.1,1.32,NA,6.83,5.94,18245.4,154.9,NA,17728,NA,0.023,0.056,NA
PL43,Lubusz,PL,1009170,1001410,116675,177382,720457,670035,13804,73.11,72.54,0.279,22.25,18.58,5123.65,5.1,0.767,10188,15533,0.194,0.021,NA
US13,Georgia,US,8925920,10725800,869007,1574670,6104100,7073630,149976,59.52,71.52,NA,13.39,8.52,138752,14.6,0.85,35374,40321,0.055,0.067,0.499
CA61,Northwest Territories,CA,43400,45372,1953,3986,31094,32339,1143790,0.04,0.04,NA,6.61,7.04,4618.44,106.5,NA,24860,NA,NA,NA,0.7807
IL01,Jerusalem District,IL,841600,1159900,65900,NA,480600,NA,653,1288.82,1776.26,NA,28.44,25.49,1590.43,1.8,NA,7250,NA,0.086,NA,NA
SK01,Bratislava Region,SK,592759,669592,73485,114693,439166,437940,2021,293.3,331.32,0.456,21.07,17.3,7005.66,11.8,0.83,17861,25999,0.052,0.035,0.632
SK03,Central Slovakia,SK,1352310,1336790,157473,221808,958343,910912,16184,83.56,82.6,0.237,23.61,19.8,7582.44,5.6,0.78,10518,16317,0.197,0.068,0.3986
ES21,Basque Country,ES,2115260,2189140,383645,500020,1473810,1385940,7190,294.19,304.47,0.534,11.08,8.13,13021.1,6,0.91,25691,26149,0.074,0.096,0.7455
CL03,Atacama,CL,271434,314709,19893,33837,178649,210232,75555,3.59,4.17,0.239174,12.71,14.7,1926.36,6.9,NA,NA,NA,NA,0.11,NA
CL05,Valparaíso,CL,1651900,1960170,167278,285940,1098760,1313840,15935,103.67,123.01,0.321821,14.8,16.69,9472.6,5.5,NA,NA,NA,NA,0.121,NA
DK04,Central Jutland,DK,1220130,1326340,172226,256509,807916,846964,12767,95.57,103.89,0.389,13.02,9.47,13276,10.7,0.93,16837,20148,NA,0.057,0.7718
KR02,Gyeongnam Region,KR,7771670,7833380,682563,1315000,5629160,5568500,12332,630.2,635.21,0.52087,21.89,25.25,123325,15.9,NA,14531,19774,0.037,0.042,0.6207
SE21,Småland with Islands,SE,799739,870200,152178,194881,507451,522088,33158,24.12,26.24,0.372,6.9,5.22,6039.48,7.5,0.98,15979,21509,0.062,0.08,0.6784
SE32,Central Norrland,SE,371619,376157,74920,90194,235384,222985,70483,5.27,5.34,0.37,5.48,4.41,2670.84,7.2,0.97,15890,21434,0.086,0.079,0.714
TR52,Central Anatolia - West and South,TR,2134210,2485650,NA,238959,NA,1656020,48106,44.36,51.67,0.183,28.37,26.27,5044.26,2.3,NA,NA,NA,NA,0.08,NA
BR12,Paraíba,BR,3595890,4039280,284891,NA,2354040,NA,56341,63.82,71.69,NA,NA,NA,6288.79,1.7,NA,NA,NA,NA,NA,0.6358
BR26,Mato Grosso,BR,2803270,3526220,122230,NA,1890920,NA,903386,3.1,3.9,NA,NA,NA,141980,47.3,NA,NA,NA,NA,NA,0.6117
CO08,Atlántico,CO,2114140,2722130,118996,222038,1354500,1821940,3388,624.01,803.46,0.261893,19.67,17.97,NA,NA,NA,NA,NA,0.134,NA,NA
CO23,Córdoba (CO),CO,1539310,1828950,96754,162707,955048,1177080,25020,61.52,73.1,0.155941,23.31,20.52,NA,NA,NA,NA,NA,0.129,NA,NA
CO25,Cundinamarca,CO,1903500,3243000,139673,296629,1189820,2212360,22633,84.1,143.29,0.242484,29.3,28.54,NA,NA,NA,NA,NA,0.104,NA,NA
CO54,Norte de Santander,CO,1297650,1620320,83557,131148,819254,1078550,21658,59.92,74.81,0.1885,27.28,25.71,NA,NA,NA,NA,NA,0.136,NA,NA
CO76,Valle del Cauca,CO,4206950,4532150,287582,499520,2749490,2989890,22140,190.02,204.7,0.205698,15.8,14.13,NA,NA,NA,NA,NA,0.129,NA,NA
CO88,San Andrés,CO,62120,63692,2613,5216,42045,44227,52,1194.62,1224.85,NA,13.81,12.19,NA,NA,NA,NA,NA,NA,NA,NA
CO99,Vichada,CO,77644,112958,2068,4080,41994,66890,100242,0.77,1.13,NA,NA,NA,NA,NA,NA,NA,NA,NA,NA,NA
PE02,Áncash,PE,1084040,1180640,67470,NA,658655,NA,35915,30.18,32.87,NA,NA,NA,NA,NA,NA,NA,NA,NA,NA,NA
PE15,Lima,PE,8474340,10628500,499312,NA,5591260,NA,34802,243.5,305.4,NA,NA,NA,NA,NA,NA,NA,NA,NA,NA,NA
EL65,Peloponnese,EL,586250,572151,134911,143470,369891,351614,15463,37.91,37,0.239,17.13,12.4,7165.94,12.2,NA,15082,13984,0.088,0.117,NA
RO31,South - Muntenia,RO,3338200,2901380,549307,607480,2271140,1867640,33855,98.6,85.7,0.131,19.64,16.22,NA,NA,0.79,6030,11486,0.097,0.06,NA
FRG,Pays de la Loire,FR,3415390,3818420,580794,809369,2182590,2316220,32199,106.07,118.59,0.359,13.79,10.12,18570.6,5.3,0.85,19458,22026,0.072,0.07,0.7827
FRM,Corsica,FR,289092,345867,56501,83131,187464,209250,8678,33.31,39.86,0,13.57,10.21,1896.89,6.2,0.77,17435,21059,0.098,0.078,0.7105
IE04,Northern and Western,IE,755800,877832,96200,142626,499800,555173,24960,30.28,35.17,NA,9.08,6.81,NA,NA,0.84,14366,16748,NA,NA,NA
AU5,Western Australia,AU,2011210,2663560,235094,407530,1373140,1738760,2532420,0.79,1.05,0.459,7.87,7.4,52203.3,24,NA,23529,32508,0.045,0.068,NA
AT13,Vienna,AT,1632570,1911190,251982,315490,1141140,1317300,396,4122.65,4826.24,0.427,19.65,14.3,13076.3,7.8,0.91,27699,24698,0.1,0.108,0.6122
TR81,Western Black Sea - West,TR,1016560,1042760,NA,136610,NA,728065,9465,107.4,110.17,0.195,25.11,24.64,4370.6,4.3,NA,NA,NA,NA,0.097,NA
CA24,Quebec,CA,7581480,8578300,1033020,1691690,5280190,5531030,1356630,5.59,6.32,NA,10.41,7.53,103617,13.3,NA,17150,NA,0.083,0.088,0.7671
DE6,Hamburg,DE,1734830,1847250,310915,336359,1196580,1246260,710,2443.42,2601.76,0.36,15.31,12.17,14313.6,8.1,0.96,27826,28429,0.106,0.049,0.699
DE8,Mecklenburg-Vorpommern,DE,1719650,1608140,322395,406370,1209020,996186,22575,76.18,71.24,0.27,14.97,11.6,12378.5,7.4,0.89,18933,22835,0.214,0.044,0.6393
DEB,Rhineland-Palatinate,DE,4061110,4093900,777292,900309,2665820,2641960,19716,205.98,207.64,0.3,12.83,10.24,27424.7,6.8,0.93,23929,25936,0.089,0.038,0.6749
DED,Saxony,DE,4296280,4071970,922165,1077560,2922170,2450330,18176,236.37,224.03,0.31,16.75,12.23,42954.8,10.2,0.9,19900,23389,0.188,0.041,0.556
NL23,Flevoland,NL,365859,423021,31829,59783,250012,284284,1435,254.95,294.79,0.35,14.52,11.67,12553.7,32.9,0.99,18004,21360,0.078,0.04,NA
PL22,Silesia,PL,4700770,4475460,605211,863657,3382880,2957090,12153,386.8,368.26,0.307,37.66,30.92,60187.9,12.9,0.842,11534,19371,0.191,0.028,NA
US09,Connecticut,US,3506960,3600260,475300,645996,2340920,2327360,12548,279.48,286.92,NA,9.53,6.51,38588.1,10.9,0.885,50245,61949,0.051,0.076,0.42
US12,Florida,US,17842000,21569900,2980330,4638090,11616500,13569600,139670,127.74,154.43,NA,9.5,6.09,287555,15.5,0.868,38195,43577,0.036,0.08,0.443
US51,Virginia,US,7577110,8632040,860901,1401040,5215320,5640830,102548,73.89,84.18,NA,11.28,6.81,99551.9,12.7,0.867,42022,49003,0.036,0.063,0.747
CA47,Saskatchewan,CA,993500,1179300,148171,191389,651607,757355,588244,1.69,2,NA,7.66,7.78,35838.1,35.2,NA,16874,NA,0.052,0.086,0.6754
ITF2,Molise,IT,319483,300516,69645,75887,206491,191058,4444,71.89,67.62,0.185,14.21,10.81,1662.19,5.2,0.77,18201,16792,0.094,0.098,0.725
SK04,East Slovakia,SK,1572260,1627700,166759,241682,1092450,1099690,15654,100.44,103.98,0.266,23.38,19.07,17848.2,11.2,0.81,9808,14515,0.23,0.107,0.3936
ES11,Galicia,ES,2720690,2702590,577451,687447,1831530,1697880,29375,92.62,92,0.403,11.8,8.78,21197.2,7.7,0.88,18164,19055,0.1,0.122,0.7861
ES12,Asturias,ES,1062750,1018900,232322,265842,724306,642729,10565,100.59,96.44,0.442,14.27,10.75,20307.3,18.9,0.91,20356,20781,0.1,0.143,0.8036
CL08,Biobío (Región),CL,1512380,1663700,122587,214436,1012840,1132150,23544,64.24,70.66,0.292251,19.19,20.75,5934.32,3.8,NA,NA,NA,NA,0.102,NA
CZ03,Southwest,CZ,1173460,1233980,167041,251522,831146,788848,17141,68.46,71.99,0.198,17.04,13.94,7843.7,6.6,0.86,13047,16776,0.05,0.021,0.5576
DK02,Zealand,DK,805954,837359,126019,191519,527624,513319,7077,113.88,118.32,0.304,12.79,9.76,6322.56,7.7,0.9,17012,20496,NA,0.056,0.7634
JPI,Shikoku,JP,4086000,3697000,991186,1238000,2544500,2037000,18648,219.11,198.25,NA,11.6,13.54,46079.2,11.5,0.590374,18390,NA,0.048,0.031,NA
ES64,Melilla,ES,64910,84473,6951,9364,43182,55234,14,4636.43,6033.79,0.343,28.56,28.84,3.888,0.1,0.91,19623,15981,0.12,0.244,0.5857
ES70,Canary Islands,ES,1853160,2236990,223476,369965,1337120,1579690,7422,249.68,301.4,0.344,9.55,8.18,5456.09,2.7,0.9,18349,16679,0.118,0.229,0.7202
BR05,Rondônia,BR,1534590,1796460,59464,NA,979271,NA,237565,6.46,7.56,NA,NA,NA,16250.1,10.4,NA,NA,NA,NA,NA,0.6765
BR19,Rio de Janeiro,BR,15383400,17366200,1258810,NA,10600200,NA,43797,351.24,396.52,NA,NA,NA,32531.9,2,NA,NA,NA,NA,NA,0.6475
BR21,Paraná,BR,10261900,11516800,661117,NA,6896120,NA,199282,51.49,57.79,NA,NA,NA,30274.1,2.9,NA,NA,NA,NA,NA,0.6748
BR27,Mato Grosso do Sul,BR,2264470,2809390,132460,NA,1529020,NA,357140,6.34,7.87,NA,NA,NA,28829.6,11.9,NA,NA,NA,NA,NA,0.6839
CO19,Cauca,CO,1281050,1491940,89198,139098,783390,989345,29308,43.71,50.91,0.175007,13.6,11.98,NA,NA,NA,NA,NA,0.101,NA,NA
PE18,Moquegua,PE,162237,192740,9026,NA,110152,NA,15734,10.31,12.25,NA,NA,NA,NA,NA,NA,NA,NA,NA,NA,NA
PE20,Piura,PE,1694800,2047950,82719,NA,1021890,NA,35892,47.22,57.06,NA,NA,NA,NA,NA,NA,NA,NA,NA,NA,NA
EL51,"Eastern Macedonia, Thrace",EL,597258,598613,122906,140206,379161,377195,13992,42.69,42.78,0.244,17.76,12.87,2595.2,4.3,NA,16641,13301,0.12,0.176,NA
NZ21,Tasman-Nelson-Marlborough,NZ,132600,162700,19160,34600,87030,101000,20052,6.61,8.11,0.275,7.09,6.88,1753.65,12.9,NA,14902,NA,0.024,0.034,NA
FRC,Bourgogne-Franche-Comté,FR,2771930,2794520,510384,661881,1770410,1669000,47784,58.01,58.48,0.345,13.08,10.15,15705.2,5.6,0.79,20327,22835,0.071,0.069,0.7356
PL72,Swietokrzyskie,PL,1288690,1218740,189907,242078,884200,807882,11634,110.77,104.76,NA,27.55,23.27,18227.6,14.3,0.897,9360,15226,NA,NA,NA
AU2,Victoria,AU,4989250,6696670,664488,1057500,3366380,4423450,227590,21.92,29.42,0.549,7.29,7.28,61916.4,11.8,NA,23291,26119,0.054,0.067,NA
BE3,Walloon Region,BE,3395940,3660070,570109,687398,2211480,2348690,16861,201.41,217.07,0.396,14.15,11.12,34849.1,10.1,0.85,19982,21585,0.119,0.074,0.6493
CA12,Nova Scotia,CA,937926,981889,134666,208814,651004,636353,52942,17.72,18.55,NA,6.59,5.06,14081.2,15,NA,16645,NA,0.084,0.099,0.7946
TR63,Mediterranean region - East ,TR,2744060,3321760,NA,259682,NA,2142200,23103,118.77,143.78,0.183,29.4,29.6,25894.9,9,NA,NA,NA,NA,0.155,NA
TRC1,Southeastern Anatolia - West ,TR,2126760,2838320,NA,174275,NA,1772070,15171,140.19,187.09,0.169,30.36,31.86,4905.49,2.1,NA,NA,NA,NA,0.132,NA
US01,Alabama,US,4569810,5024800,601309,874244,3049460,3145750,131426,34.77,38.23,NA,12.87,7.86,108929,23.1,0.816,32128,37586,0.043,0.061,0.575
US05,Arkansas,US,2781100,3012230,384075,536306,1825680,1914250,134856,20.62,22.34,NA,11.83,8.26,54861.6,19.1,0.798,30296,37892,0.053,0.064,0.578
US08,Colorado,US,4631890,5784310,462623,876387,3209320,3900470,268627,17.24,21.53,NA,6.69,6.18,96150.3,19.7,0.91,39734,50467,0.049,0.075,0.533
US18,Indiana,US,6278620,6785640,776421,1115290,4185300,4344190,92895,67.59,73.05,NA,12.62,8.84,158190,24.6,0.839,33584,41305,0.058,0.073,0.543
US29,Missouri,US,5790300,6154480,773462,1089710,3848710,3925120,178414,32.45,34.5,NA,11.52,8.02,124773,21.1,0.848,34594,40928,0.056,0.062,0.638
US30,Montana,US,940102,1086190,129691,213392,631880,676402,376979,2.49,2.88,NA,6.55,6.17,32787.5,33.6,0.85,31919,41832,0.044,0.059,0.635
US33,New Hampshire,US,1298490,1377850,158013,263129,891735,897783,23227,55.9,59.32,NA,7.17,5.17,17306.3,13.2,0.892,43823,53588,0.037,0.066,0.077
US55,Wisconsin,US,5546170,5892320,725609,1047940,3719960,3748530,140663,39.43,41.89,NA,10.34,7.72,97333,17.3,0.86,36436,44434,0.047,0.062,0.051
CA60,Yukon,CA,31902,42174,2181,5595,23761,29529,474713,0.07,0.09,NA,6.48,4.46,1699.41,51.4,NA,23624,NA,NA,NA,0.7948
PT18,Alentejo,PT,773134,704558,179272,180053,486937,437157,31043,24.91,22.7,0.214,10.6,7.9,8398.98,11,0.72,16278,17407,0.095,0.062,NA
SK02,West Slovakia,SK,1855360,1823790,229845,326992,1335440,1240440,14843,125,122.87,0.224,21.11,17.51,11539.5,6.3,0.81,11188,16210,0.124,0.048,0.45
CL02,Antofagasta,CL,524422,691854,32535,54739,352612,490935,125959,4.16,5.49,0.323012,12.68,13.91,14474.8,26.5,NA,NA,NA,NA,0.115,NA
CL07,Maule,CL,967638,1131940,84232,154066,640742,756839,29947,32.31,37.8,0.216785,22.03,24.26,2530.74,2.5,NA,NA,NA,NA,0.089,NA
CZ04,Northwest,CZ,1122140,1115630,139856,221705,805343,717583,8474,132.42,131.65,0.137,18.43,14.92,44986.7,39.7,0.79,11898,15521,0.135,0.041,0.5236
JPH,Chugoku,JP,7676000,7254000,1759160,2270000,4830710,4092000,31450,244.07,230.65,NA,11.41,12.82,77438.3,10.2,0.609988,21142,NA,0.042,0.028,NA
ES63,Ceuta ,ES,71977,84085,8080,10443,49145,56929,20,3598.85,4204.25,0.257,26.6,26.92,6.704,0.1,0.92,19857,17839,0.182,0.249,0.6453
SE23,West Sweden,SE,1805680,2059730,309497,408856,1174580,1285350,29226,61.78,70.48,0.434,8.12,6.04,13711.2,7.4,0.96,16771,23099,0.075,0.079,0.6651
TR62,Mediterranean region - Middle,TR,3498610,4078370,NA,356659,NA,2732350,28939,120.9,140.93,0.199,27.15,28.03,19499.2,5.4,NA,NA,NA,NA,0.136,NA
BR04,Pará,BR,6970590,8690750,292375,NA,4325260,NA,1247700,5.59,6.97,NA,NA,NA,65850.4,8.8,NA,NA,NA,NA,NA,0.4896
BR10,Ceará,BR,8097280,9187100,552671,NA,5144400,NA,145712,55.57,63.05,NA,NA,NA,13061.1,1.5,NA,NA,NA,NA,NA,0.6229
CO70,Sucre,CO,783535,949252,50203,84217,483108,612167,10917,71.77,86.95,0.226695,22.79,20.45,NA,NA,NA,NA,NA,0.063,NA,NA
CO81,Arauca,CO,220852,294206,9746,17031,131839,191565,23818,9.27,12.35,NA,26.03,26.43,NA,NA,NA,NA,NA,NA,NA,NA
CO95,Guaviare,CO,73296,86657,1841,4652,43271,54633,53460,1.37,1.62,NA,23.88,22.55,NA,NA,NA,NA,NA,NA,NA,NA
PE13,La Libertad,PE,1638250,2016770,92094,NA,1012930,NA,25500,64.25,79.09,NA,NA,NA,NA,NA,NA,NA,NA,NA,NA,NA
PE14,Lambayeque,PE,1150980,1310790,64283,NA,722628,NA,14231,80.88,92.11,NA,NA,NA,NA,NA,NA,NA,NA,NA,NA,NA
EL54,Epirus,EL,342454,333265,76598,91032,217351,199574,9073,37.74,36.73,0.316,17.6,12.95,1211.63,3.5,NA,15881,14401,0.114,0.183,NA
RO12,Center,RO,2533420,2314830,344335,430526,1784610,1502680,33966,74.59,68.15,0.171,15.5,11.94,NA,NA,0.8,6903,13913,0.085,0.072,NA
BG32,North Central,BG,938073,773450,170466,188599,642491,485205,14660,63.99,52.76,0.265,23.17,18.8,NA,NA,0.73,6137,9856,0.126,0.06,NA
NZ14,Bay of Plenty,NZ,262200,338400,37650,63300,163950,207400,12108,21.66,27.95,0.326,5.87,5.54,347.479,1.3,NA,13509,NA,0.04,0.047,NA
NZ16,Hawke's Bay,NZ,151200,179700,20480,33000,95780,110700,14051,10.76,12.79,NA,6.14,5.92,1547.82,10.1,NA,NA,NA,NA,NA,NA
FRY2,Martinique,FR,395982,359821,52303,80327,259203,223328,1102,359.33,326.52,NA,9.49,10.59,NA,NA,0.76,16669,21302,0.185,0.128,0.3032
FRE,Hauts-de-France,FR,5904640,5987800,863178,1113690,3851530,3737220,31802,185.67,188.28,0.323,16.65,13.09,38007.1,6.4,0.82,18180,20658,0.12,0.09,0.7255
HU11,Budapest,HU,1697340,1750220,306799,367093,1179710,1149070,510,3328.12,3431.8,0.498,24.14,19.69,NA,NA,0.92,19260,23254,NA,NA,NA
TR83,Middle Black Sea,TR,2739960,2829950,NA,369250,NA,1903350,37633,72.81,75.2,0.18,24.54,23.42,6729.47,2.5,NA,NA,NA,NA,0.088,NA
DE3,Berlin,DE,3387830,3669490,561900,705525,2413450,2444420,846,4004.52,4337.46,0.42,20.36,15.74,32144.5,9.4,0.95,20976,23519,0.195,0.064,0.6612
DE4,Brandenburg,DE,2567700,2521890,483171,627610,1801540,1559890,29022,88.47,86.9,0.29,17.7,13.54,75520.2,29.9,0.86,20148,23852,0.183,0.046,0.6165
DEC,Saarland,DE,1056420,986887,216374,237975,695238,628497,2565,411.86,384.75,0.26,12.9,9.91,22388.8,21.7,0.95,22377,23861,0.109,NA,0.7212
NL34,Zeeland,NL,379978,383488,64061,91438,246517,234230,1803,210.75,212.69,0.318,15.37,12.53,7250.42,19,0.99,18937,21462,0.044,0.027,NA
PL42,West Pomerania,PL,1694870,1671610,202134,311899,1210880,1115400,21849,77.57,76.51,0.296,17.86,15.36,14843.6,8.8,0.754,10858,17140,0.228,0.035,NA
US06,California,US,35827900,39499700,3837940,5976170,24233300,26107600,403933,88.7,97.79,NA,12.29,9.11,511789,14,0.898,40810,53932,0.054,0.102,0.538
US23,Maine,US,1318790,1362280,191625,293776,893003,853792,79931,16.5,17.04,NA,6.47,4.58,17259.9,13,0.849,35233,42767,0.05,0.055,0.481
US35,New Mexico,US,1932270,2117570,236457,389911,1283870,1327380,314309,6.15,6.74,NA,5.55,4.97,49501.9,24.6,0.785,31245,37115,0.053,0.088,0.738
CA48,Alberta,CA,3321770,4420030,343785,611392,2341610,2986900,640330,5.19,6.9,NA,7.04,7.34,110667,30.8,NA,23632,NA,0.04,0.116,0.6886
IL02,Northern District,IL,1176200,1469400,83500,NA,720700,NA,4473,262.96,328.5,NA,17.67,14.88,3535.07,2.9,NA,6568,NA,0.117,NA,NA
ITH5,Emilia-Romagna,IT,4117460,4464120,937472,1079480,2674260,2809030,22094,186.36,202.05,0.233,23.18,16.79,24453.4,5.8,0.88,28765,25590,0.04,0.059,0.7188
ES22,Navarra,ES,584365,656509,101988,131024,398713,424825,10347,56.48,63.45,0.484,9.86,7.8,5026.66,8.1,0.94,25281,23436,0.055,0.102,0.7596
CL11,Aysén,CL,95573,107297,6138,11343,63096,72608,102832,0.93,1.04,0.314308,38.65,41.93,2316.65,23.6,NA,NA,NA,NA,0.071,NA
DK03,Southern Denmark,DK,1182350,1223110,186433,263923,769152,761724,11990,98.61,102.01,0.335,13.84,10.2,9323.54,7.8,0.92,16562,19867,NA,0.052,0.7638
DK05,Northern Jutland,DK,571336,589936,91897,128373,372669,368990,7718,74.03,76.44,0.32,11.55,8.47,6379.15,11,0.92,16676,19903,NA,0.06,0.7764
FI1B,Helsinki-Uusimaa,FI,1439400,1689730,176009,297842,1002860,1114280,9097,158.23,185.75,0.549,8.53,6.51,4849.03,3.2,0.95,21431,24292,0.061,0.074,NA
KR01,Seoul Capital Area,KR,23235200,25957900,1628110,3585340,17135800,19233400,11705,1985.06,2217.68,0.57697,24,27.94,133640,5.6,NA,15776,21717,0.045,0.042,0.612
KR03,Gyeongbuk Region,KR,5160870,5074710,564611,936682,3646530,3549390,19909,259.22,254.9,0.52048,23.84,27.58,41482.7,8.1,NA,13880,18870,0.035,0.041,0.6188
ES62,Murcia,ES,1313500,1504870,180631,239155,906329,1011240,11302,116.22,133.15,0.328,13.96,11.12,7942.17,5.6,0.91,16840,16689,0.08,0.164,0.7282
TR22,Southern Marmara - West,TR,1565300,1770780,NA,267703,NA,1210020,23785,65.81,74.45,0.226,25.83,25.61,6593.28,4.1,NA,NA,NA,NA,0.081,NA
TR32,Southern Aegean,TR,2524470,3131320,NA,382688,NA,2152940,31705,79.62,98.76,0.226,30.16,30.55,18137.6,6.9,NA,NA,NA,NA,0.1,NA
TR33,Northern Aegean,TR,2931220,3119860,NA,365931,NA,2129700,44888,65.3,69.5,0.158,29.38,29.8,23044.7,7.9,NA,NA,NA,NA,0.087,NA
TR41,Eastern Marmara - South ,TR,3206240,4163020,NA,409743,NA,2892160,28604,112.09,145.54,0.213,33.14,35.43,12333,3.6,NA,NA,NA,NA,0.099,NA
CO05,Antioquia,CO,5460840,6677930,343091,652668,3534960,4613610,63612,85.85,104.98,0.275391,27.64,23.31,NA,NA,NA,NA,NA,0.125,NA,NA
CO15,Boyacá,CO,1140670,1242730,105537,146004,718128,809575,23189,49.19,53.59,0.241501,26.64,27.25,NA,NA,NA,NA,NA,0.1,NA,NA
CO86,Putumayo,CO,266274,359127,12454,23520,156899,235858,24885,10.7,14.43,NA,17.51,16.37,NA,NA,NA,NA,NA,NA,NA,NA
CR04,Brunca,CR,325945,369992,17162,30204,203787,251199,9528,34.21,38.83,0.166381,NA,NA,NA,NA,NA,NA,NA,NA,NA,NA
PE07,Prov. const. del Callao,PE,866877,1129850,49255,NA,589636,NA,147,5897.12,7686.08,NA,NA,NA,NA,NA,NA,NA,NA,NA,NA,NA
PE09,Huancavelica,PE,455562,365317,19396,NA,237575,NA,22131,20.58,16.51,NA,NA,NA,NA,NA,NA,NA,NA,NA,NA,NA
PE11,Ica,PE,704822,975182,40497,NA,442666,NA,21328,33.05,45.72,NA,NA,NA,NA,NA,NA,NA,NA,NA,NA,NA
RO42,West,RO,1935090,1771480,276782,328514,1363770,1184520,31849,60.76,55.62,0.17,15.93,12.21,NA,NA,0.87,8002,15583,0.068,0.046,NA
BG41,South West,BG,2122110,2094260,348439,411121,1498610,1381930,20228,104.91,103.53,0.434,26.99,22.05,NA,NA,0.78,7423,17505,0.076,0.037,NA
FRY1,Guadeloupe,FR,441511,412682,52755,84319,284856,255777,1680,262.8,245.64,NA,8.37,9.32,NA,NA,0.72,16585,18979,0.255,0.178,0.2942
FR1,Île-de-France,FR,11442100,12291600,1400430,1871470,7799170,8029970,11952,957.34,1028.41,0.543,17,13.24,90335.6,7.7,0.89,25211,26414,0.086,0.083,0.726
FRK,Auvergne-Rhône-Alpes,FR,7295520,8064150,1189890,1635700,4749470,4971840,70319,103.75,114.68,0.412,15.02,11.58,55992.9,7.5,0.83,20822,23376,0.077,0.073,0.738
HU12,Pest,HU,1143630,1297100,151405,227398,795165,850783,6281,182.08,206.51,0.307,20.13,16.39,NA,NA,0.88,13652,15045,NA,NA,NA
IE06,Eastern and Midland,IE,1983100,2445550,196100,316234,1384600,1634160,14306,138.62,170.95,NA,10.93,8.12,NA,NA,0.93,19043,22557,NA,NA,NA
LT02,Central and Western Lithuania,LT,2516660,1973580,408041,417016,1665390,1269120,53221,47.29,37.08,NA,13.77,9.96,NA,NA,0.81,10781,17446,NA,NA,NA
CA11,Prince Edward Island,CA,138064,161329,19640,32118,93886,104686,5686,24.28,28.37,NA,5.39,4,1753.31,12.6,NA,15808,NA,0.111,0.104,0.8466
TR82,Western Black Sea - Middle and East,TR,727489,793437,NA,139729,NA,521429,26437,27.52,30.01,0.161,22.11,21.53,1973.15,2.7,NA,NA,NA,NA,0.07,NA
DEG,Thuringia,DE,2355280,2133380,466157,559535,1639230,1301530,16145,145.88,132.14,0.29,13.98,10.9,13286.4,5.8,0.94,19298,22828,0.172,0.036,0.5835
HU23,Southern Transdanubia,HU,977465,874573,154891,188049,670872,566928,13763,71.02,63.55,0.185,21.18,17.05,3421.32,3.6,0.85,10249,13203,0.088,0.053,NA
NL33,South Holland,NL,3458380,3744300,481575,683089,2341580,2449580,2884,1199.16,1298.3,0.442,15.8,12.19,41330.1,11.9,0.98,20165,22006,0.062,0.045,NA
US04,Arizona,US,5839080,7177990,756856,1373980,3809130,4685610,294312,19.84,24.39,NA,7.91,6.74,110259,17.6,0.872,34250,38850,0.048,0.078,0.115
US20,Kansas,US,2745300,2935880,356544,488316,1807800,1848070,211900,12.96,13.86,NA,9.85,7.25,69630.7,24.8,0.852,34348,45013,0.052,0.058,0.083
ITC4,Lombardy,IT,9276620,10027600,1781050,2295840,6242060,6388680,23047,402.51,435.09,0.217,29.89,21.77,86644.9,9.1,0.87,28563,25867,0.042,0.052,0.7404
PL52,Opole region,PL,1051530,942233,139906,181424,746488,629355,9313,112.91,101.17,0.276,28.45,23.43,14601.8,14.1,0.866,9157,16262,0.171,0.028,NA
PT30,Autonomous Region of Madeira,PT,256316,254254,35140,43177,173333,177746,799,320.8,318.22,0.229,4.99,4.23,431.877,1.6,0.83,17622,17202,0.041,0.085,NA
CL12,Magallanes and Chilean Antarctica,CL,155031,178362,13303,22124,105452,123854,130327,1.19,1.37,0.355857,5.91,5.93,1743.79,11,NA,NA,NA,NA,0.072,NA
ES53,Balearic Islands,ES,940121,1210730,130094,193323,665511,840433,4973,189.05,243.46,0.348,9.69,7.44,4284.69,4.1,0.93,22746,20683,0.072,0.164,0.6916
CR01,Central ,CR,2671530,3162510,165868,303892,1807070,2227360,9135,292.45,346.2,0.265815,NA,NA,NA,NA,NA,NA,NA,NA,NA,NA
PE06,Cajamarca,PE,1458380,1453710,67546,NA,872020,NA,33318,43.77,43.63,NA,NA,NA,NA,NA,NA,NA,NA,NA,NA,NA
PE10,Huánuco,PE,788380,760267,35474,NA,477906,NA,37021,21.3,20.54,NA,NA,NA,NA,NA,NA,NA,NA,NA,NA,NA
PE22,San Martin,PE,722567,899648,23907,NA,461535,NA,51253,14.1,17.55,NA,NA,NA,NA,NA,NA,NA,NA,NA,NA,NA
FRY5,Mayotte,FR,170270,278926,NA,7425,NA,149409,365,466.49,764.18,NA,7.23,7.69,NA,NA,NA,4715,7445,NA,0.284,0.4055
PL81,Lublin Province ,PL,2185160,2088290,309479,390752,1493410,1388680,24919,87.69,83.8,NA,24.1,20.73,10848.7,5,0.783,8872,15068,NA,NA,NA
PL91,Warsaw,PL,2781320,3082400,424980,577140,1971450,1982800,6013,462.55,512.62,0.572,27.34,23.66,NA,NA,0.88,14598,23739,NA,NA,NA
